{
  "QuizzesTable-dev": [
    {
      "PutRequest": {
        "Item": {
          "quizId": { "S": "quiz_1" },
          "userId": { "S": "user_1" },
          "questions": {
            "L": [
              {
                "M": {
                  "question": { "S": "Vilken är den största sjön i Göteborg?" },
                  "answer": { "S": "Göta älv" },
                  "location": {
                    "M": {
                      "longitude": { "S": "11.9746" },
                      "latitude": { "S": "57.7072" }
                    }
                  }
                }
              },
              {
                "M": {
                  "question": {
                    "S": "Vad heter den berömda parken i Göteborg som är känd för sina tulpaner?"
                  },
                  "answer": { "S": "Kungsparken" },
                  "location": {
                    "M": {
                      "longitude": { "S": "11.9731" },
                      "latitude": { "S": "57.7114" }
                    }
                  }
                }
              },
              {
                "M": {
                  "question": { "S": "Vilket år öppnades Liseberg?" },
                  "answer": { "S": "1923" },
                  "location": {
                    "M": {
                      "longitude": { "S": "11.9947" },
                      "latitude": { "S": "57.7064" }
                    }
                  }
                }
              },
              {
                "M": {
                  "question": {
                    "S": "Vad heter Göteborgs mest kända universitet?"
                  },
                  "answer": { "S": "Göteborgs universitet" },
                  "location": {
                    "M": {
                      "longitude": { "S": "11.9732" },
                      "latitude": { "S": "57.7081" }
                    }
                  }
                }
              }
            ]
          }
        }
      }
    },
    {
      "PutRequest": {
        "Item": {
          "quizId": { "S": "quiz_2" },
          "userId": { "S": "user_2" },
          "questions": {
            "L": [
              {
                "M": {
                  "question": { "S": "Vilket land har Göteborg en vänort i?" },
                  "answer": { "S": "Tyskland" },
                  "location": {
                    "M": {
                      "longitude": { "S": "11.9674" },
                      "latitude": { "S": "57.7137" }
                    }
                  }
                }
              },
              {
                "M": {
                  "question": {
                    "S": "Vad heter den stora fotbollsarenan i Göteborg?"
                  },
                  "answer": { "S": "Gamla Ullevi" },
                  "location": {
                    "M": {
                      "longitude": { "S": "11.9784" },
                      "latitude": { "S": "57.7048" }
                    }
                  }
                }
              },
              {
                "M": {
                  "question": { "S": "Vilken är Göteborgs äldsta byggnad?" },
                  "answer": { "S": "Feskekôrka" },
                  "location": {
                    "M": {
                      "longitude": { "S": "11.9484" },
                      "latitude": { "S": "57.6981" }
                    }
                  }
                }
              },
              {
                "M": {
                  "question": {
                    "S": "Vad kallas den kända kanalen som går genom Göteborg?"
                  },
                  "answer": { "S": "Göteborgs kanal" },
                  "location": {
                    "M": {
                      "longitude": { "S": "11.9738" },
                      "latitude": { "S": "57.7093" }
                    }
                  }
                }
              }
            ]
          }
        }
      }
    },
    {
      "PutRequest": {
        "Item": {
          "quizId": { "S": "quiz_3" },
          "userId": { "S": "user_3" },
          "questions": {
            "L": [
              {
                "M": {
                  "question": {
                    "S": "Vad är namnet på Göteborgs konstmuseum?"
                  },
                  "answer": { "S": "Göteborgs konstmuseum" },
                  "location": {
                    "M": {
                      "longitude": { "S": "11.9726" },
                      "latitude": { "S": "57.6947" }
                    }
                  }
                }
              },
              {
                "M": {
                  "question": {
                    "S": "Vilken typ av båt kan man se på Göta älv?"
                  },
                  "answer": { "S": "Färja" },
                  "location": {
                    "M": {
                      "longitude": { "S": "11.9793" },
                      "latitude": { "S": "57.7061" }
                    }
                  }
                }
              },
              {
                "M": {
                  "question": { "S": "Vad heter Göteborgs centralstation?" },
                  "answer": { "S": "Göteborgs centralstation" },
                  "location": {
                    "M": {
                      "longitude": { "S": "11.9660" },
                      "latitude": { "S": "57.7110" }
                    }
                  }
                }
              },
              {
                "M": {
                  "question": {
                    "S": "Vilken är Göteborgs största shoppinggata?"
                  },
                  "answer": { "S": "Avenyn" },
                  "location": {
                    "M": {
                      "longitude": { "S": "11.9757" },
                      "latitude": { "S": "57.6962" }
                    }
                  }
                }
              }
            ]
          }
        }
      }
    },
    {
      "PutRequest": {
        "Item": {
          "quizId": { "S": "quiz_4" },
          "userId": { "S": "user_4" },
          "questions": {
            "L": [
              {
                "M": {
                  "question": {
                    "S": "Vad heter den berömda fiskmarknaden i Göteborg?"
                  },
                  "answer": { "S": "Feskekôrka" },
                  "location": {
                    "M": {
                      "longitude": { "S": "11.9497" },
                      "latitude": { "S": "57.6980" }
                    }
                  }
                }
              },
              {
                "M": {
                  "question": { "S": "Vilket år grundades Göteborg?" },
                  "answer": { "S": "1621" },
                  "location": {
                    "M": {
                      "longitude": { "S": "11.9745" },
                      "latitude": { "S": "57.7065" }
                    }
                  }
                }
              },
              {
                "M": {
                  "question": {
                    "S": "Vilken känd fotbollsklubb har sitt hem i Göteborg?"
                  },
                  "answer": { "S": "IFK Göteborg" },
                  "location": {
                    "M": {
                      "longitude": { "S": "11.9784" },
                      "latitude": { "S": "57.7045" }
                    }
                  }
                }
              },
              {
                "M": {
                  "question": { "S": "Vad heter Göteborgs stora nöjespark?" },
                  "answer": { "S": "Liseberg" },
                  "location": {
                    "M": {
                      "longitude": { "S": "11.9948" },
                      "latitude": { "S": "57.7062" }
                    }
                  }
                }
              }
            ]
          }
        }
      }
    }
  ]
}
